;precision;recall;f1-score;support
Sem doença (0);0.7099297211516663;0.7219596541786744;0.71589415328342;8675.0
Com doença (1);0.7110685194058457;0.6987639788110653;0.7048625541768093;8495.0
accuracy;0.7104834012813046;0.7104834012813046;0.7104834012813046;0.7104834012813046
macro avg;0.7104991202787561;0.7103618164948698;0.7103783537301147;17170.0
weighted avg;0.7104931510392175;0.7104834012813046;0.7104361780702193;17170.0
