feature;importance
alco;0.007408175198260248
smoke;0.009267142901221876
active;0.014959492364927005
gluc;0.017077096946883266
gender;0.017340488257432063
cholesterol;0.0398255234037809
ap_lo;0.08884631715972574
height;0.11693544903701804
weight;0.12333297528431345
ap_hi;0.16609781681052754
IMC;0.16718469958487817
age_years;0.23172482305103176
