Modelo,Acuracia,AUC_ROC
SVM_RBF_Padrao,0.7368957483983692,0.7943186766545951
SVM_RBF_C10,0.7323820617355853,0.7886690902954361
SVM_RBF_Gamma01,0.735658124635993,0.7925777852968501
SVM_Linear,0.7263395457192778,0.7958383207254605
SVM_Poly_Grau3,0.7200786255096098,0.7831486991227702
SVM_Balanceado,0.7364589400116482,0.7942882752930212
