;precision;recall;f1-score;support
Sem doença (0);0.7093298043293317;0.7208453410182517;0.7150412120634618;10410.0
Com doença (1);0.7101246882793018;0.6983519717480872;0.7041891290370443;10194.0
accuracy;0.7097165598912832;0.7097165598912832;0.7097165598912832;0.7097165598912832
macro avg;0.7097272463043167;0.7095986563831694;0.7096151705502531;20604.0
weighted avg;0.7097230797606069;0.7097165598912832;0.7096720539208051;20604.0
