feature;importance
alco;0.007372629765561764
smoke;0.008996550186707072
active;0.01470911027273023
gluc;0.017003229298546665
gender;0.017354744841777923
cholesterol;0.039151744624610026
ap_lo;0.09037615148092255
height;0.11712206983177705
weight;0.12351413614181467
ap_hi;0.16422960503793185
IMC;0.16868995778148513
age_years;0.231480070736135
