divisao;treino_percentual;teste_percentual;registros_total;registros_treino;registros_teste;accuracy;precision;recall;f1_score;auc_roc;tn;fp;fn;tp;cv_auc_mean;cv_auc_std
70_30;70;30;68677;48073;20604;0.7097165598912832;0.7101246882793018;0.6983519717480872;0.7041891290370443;0.7710282856484301;7504;2906;3075;7119;0.7712956650204126;0.0032226129685263135
