;precision;recall;f1-score;support
Sem doença (0);0.7078779276082328;0.7185878962536023;0.7131927064712191;6940.0
Com doença (1);0.7081153788671349;0.6971748087110065;0.7026025061170016;6796.0
accuracy;0.7079935934769948;0.7079935934769948;0.7079935934769948;0.7079935934769948
macro avg;0.7079966532376838;0.7078813524823044;0.7078976062941104;13736.0
weighted avg;0.7079954085892679;0.7079935934769948;0.7079531169540917;13736.0
