feature;importance
alco;0.00746891942981098
smoke;0.009055388545310543
active;0.014259015175300389
gluc;0.016883768240124615
gender;0.017224353344081435
cholesterol;0.039667285740073825
ap_lo;0.09270307570700727
height;0.11700540921885817
weight;0.1227140673713211
ap_hi;0.16089827440530427
IMC;0.16775538228769143
age_years;0.23436506053511608
